{
    "metrics": {
        "quiz_get_question_duration": {
            "p(95)": 88.8386983,
            "avg": 59.860069,
            "min": 27.661592,
            "med": 59.860069,
            "max": 92.058546,
            "p(90)": 85.6188506,
            "thresholds": {
                "p(95)<5000": false
            }
        },
        "http_req_tls_handshaking": {
            "min": 0,
            "med": 0,
            "max": 0,
            "p(90)": 0,
            "p(95)": 0,
            "avg": 0
        },
        "vus": {
            "max": 1,
            "value": 1,
            "min": 1
        },
        "http_req_duration{expected_response:true}": {
            "avg": 1110.6657024285716,
            "min": 27.661592,
            "med": 106.365007,
            "max": 7149.597288,
            "p(90)": 2950.5548976000023,
            "p(95)": 5050.076092799995
        },
        "http_req_sending": {
            "avg": 0.06643357142857143,
            "min": 0.014742,
            "med": 0.046849,
            "max": 0.158432,
            "p(90)": 0.12745520000000002,
            "p(95)": 0.14294359999999995
        },
        "http_req_receiving": {
            "avg": 24.166315285714283,
            "min": 0.134203,
            "med": 40.904998,
            "max": 43.31915,
            "p(90)": 42.8091722,
            "p(95)": 43.0641611
        },
        "http_reqs": {
            "count": 7,
            "rate": 0.8062267189322441
        },
        "http_req_blocked": {
            "med": 0.00626,
            "max": 2.225388,
            "p(90)": 0.8952534000000008,
            "p(95)": 1.5603206999999983,
            "avg": 0.3233345714285715,
            "min": 0.004945
        },
        "http_req_waiting": {
            "avg": 1086.4329535714287,
            "min": 27.43624,
            "med": 106.100214,
            "max": 7108.670935,
            "p(90)": 2930.275429600002,
            "p(95)": 5019.473182299996
        },
        "http_req_failed": {
            "passes": 0,
            "fails": 7,
            "thresholds": {
                "rate<0.10": false
            },
            "value": 0
        },
        "quiz_start_duration": {
            "avg": 7149.597288,
            "min": 7149.597288,
            "med": 7149.597288,
            "max": 7149.597288,
            "p(90)": 7149.597288,
            "p(95)": 7149.597288,
            "thresholds": {
                "p(95)<8000": false
            }
        },
        "checks": {
            "passes": 9,
            "fails": 0,
            "value": 1
        },
        "quiz_end_duration": {
            "avg": 106.365007,
            "min": 106.365007,
            "med": 106.365007,
            "max": 106.365007,
            "p(90)": 106.365007,
            "p(95)": 106.365007,
            "thresholds": {
                "p(95)<4000": false
            }
        },
        "data_received": {
            "count": 5197,
            "rate": 598.5657511844104
        },
        "vus_max": {
            "max": 1,
            "value": 1,
            "min": 1
        },
        "http_req_connecting": {
            "avg": 0.05190842857142857,
            "min": 0,
            "med": 0,
            "max": 0.363359,
            "p(90)": 0.14534360000000013,
            "p(95)": 0.2543512999999997
        },
        "iteration_duration": {
            "avg": 8682.129476,
            "min": 8682.129476,
            "med": 8682.129476,
            "max": 8682.129476,
            "p(90)": 8682.129476,
            "p(95)": 8682.129476
        },
        "quiz_submit_answer_duration": {
            "max": 151.193304,
            "p(90)": 146.3552855,
            "p(95)": 148.77429475000002,
            "avg": 127.0032115,
            "min": 102.813119,
            "med": 127.0032115,
            "thresholds": {
                "p(95)<5000": false
            }
        },
        "data_sent": {
            "count": 2741,
            "rate": 315.69534808475447
        },
        "http_req_duration": {
            "avg": 1110.6657024285716,
            "min": 27.661592,
            "med": 106.365007,
            "max": 7149.597288,
            "p(90)": 2950.5548976000023,
            "p(95)": 5050.076092799995,
            "thresholds": {
                "p(95)<5000": true
            }
        },
        "iterations": {
            "count": 1,
            "rate": 0.11517524556174916
        }
    },
    "root_group": {
        "groups": {},
        "checks": {
                "login status is 200": {
                    "name": "login status is 200",
                    "path": "::login status is 200",
                    "id": "baba87e761865dc93085ee0c1fe25f4c",
                    "passes": 1,
                    "fails": 0
                },
                "login has access token": {
                    "name": "login has access token",
                    "path": "::login has access token",
                    "id": "5a3154a7a2ade5848d59e37388ad7721",
                    "passes": 1,
                    "fails": 0
                },
                "start quiz status is 201": {
                    "passes": 1,
                    "fails": 0,
                    "name": "start quiz status is 201",
                    "path": "::start quiz status is 201",
                    "id": "6ffd7963c99042f593e02407e4c4643a"
                },
                "start quiz has session id": {
                    "name": "start quiz has session id",
                    "path": "::start quiz has session id",
                    "id": "f98e5f26e01b85ea126b0c49d91f8cab",
                    "passes": 1,
                    "fails": 0
                },
                "get question status is 200 or 404": {
                    "name": "get question status is 200 or 404",
                    "path": "::get question status is 200 or 404",
                    "id": "a16b5cbd95585ed831279867dac4b1ce",
                    "passes": 2,
                    "fails": 0
                },
                "submit answer status is 200": {
                    "name": "submit answer status is 200",
                    "path": "::submit answer status is 200",
                    "id": "cf80ea647404ef1bab1d3107f93c6ff3",
                    "passes": 2,
                    "fails": 0
                },
                "end quiz status is 200 or 400": {
                    "name": "end quiz status is 200 or 400",
                    "path": "::end quiz status is 200 or 400",
                    "id": "acd5014347eb80c37fca0301bce83894",
                    "passes": 1,
                    "fails": 0
                }
            },
        "name": "",
        "path": "",
        "id": "d41d8cd98f00b204e9800998ecf8427e"
    }
}